Workbook

Sheet Dashboard
B1: Agency Internal Report - Jan-Sep 2026
B4: Department | C4: KPI | D4: Actual | E4: Target | F4: Better when | G4: Status
B5: Creative | C5: On-time delivery % | D5: =Creative!F11 -> 0.85681818 | E5: 0.9 | F5: Higher | G5: =IF(F5="Higher",IF(D5>=E5,"On Track","Off Track"),IF(D5<=E5,"On Track","Off Track")) -> Off Track
B6: Creative | C6: Team utilisation % | D6: =Creative!G11 -> 0.89978448 | E6: 0.85 | F6: Lower | G6: =IF(F6="Higher",IF(D6>=E6,"On Track","Off Track"),IF(D6<=E6,"On Track","Off Track")) -> Off Track
B7: Sales | C7: Revenue vs target | D7: =Sales!H11 -> 1.0619565 | E7: 1 | F7: Higher | G7: =IF(F7="Higher",IF(D7>=E7,"On Track","Off Track"),IF(D7<=E7,"On Track","Off Track")) -> On Track
B8: Sales | C8: Win rate | D8: =Sales!G11 -> 0.35328467 | E8: 0.38 | F8: Higher | G8: =IF(F8="Higher",IF(D8>=E8,"On Track","Off Track"),IF(D8<=E8,"On Track","Off Track")) -> Off Track
B9: Analytics | C9: Blended ROAS | D9: =Analytics!E8 -> 2.6181818 | E9: 3 | F9: Higher | G9: =IF(F9="Higher",IF(D9>=E9,"On Track","Off Track"),IF(D9<=E9,"On Track","Off Track")) -> Off Track
B10: HR | C10: Attrition YTD | D10: =HR!F11 -> 0.1875 | E10: 0.12 | F10: Lower | G10: =IF(F10="Higher",IF(D10>=E10,"On Track","Off Track"),IF(D10<=E10,"On Track","Off Track")) -> Off Track
B11: IT | C11: Spend vs budget | D11: =IT!E11/IT!D11 -> 1.0538012 | E11: 1 | F11: Lower | G11: =IF(F11="Higher",IF(D11>=E11,"On Track","Off Track"),IF(D11<=E11,"On Track","Off Track")) -> Off Track

Sheet Creative
A1: Month | B1: Projects Delivered | C1: Delivered On Time | D1: Available Hours | E1: Billable Hours | F1: On-Time % | G1: Utilisation %
A2: Jan | B2: 40 | C2: 37 | D2: 3200 | E2: 2560 | F2: =C2/B2 -> 0.925 | G2: =E2/D2 -> 0.8
A3: Feb | B3: 43 | C3: 39 | D3: 3200 | E3: 2660 | F3: =C3/B3 -> 0.90697674 | G3: =E3/D3 -> 0.83125
A4: Mar | B4: 47 | C4: 42 | D4: 3200 | E4: 2780 | F4: =C4/B4 -> 0.89361702 | G4: =E4/D4 -> 0.86875
A5: Apr | B5: 46 | C5: 40 | D5: 3200 | E5: 2820 | F5: =C5/B5 -> 0.86956522 | G5: =E5/D5 -> 0.88125
A6: May | B6: 52 | C6: 44 | D6: 3200 | E6: 2950 | F6: =C6/B6 -> 0.84615385 | G6: =E6/D6 -> 0.921875
A7: Jun | B7: 55 | C7: 45 | D7: 3040 | E7: 2860 | F7: =C7/B7 -> 0.81818182 | G7: =E7/D7 -> 0.94078947
A8: Jul | B8: 53 | C8: 43 | D8: 2880 | E8: 2800 | F8: =C8/B8 -> 0.81132075 | G8: =E8/D8 -> 0.97222222
A9: Aug | B9: 50 | C9: 41 | D9: 2880 | E9: 2760 | F9: =C9/B9 -> 0.82 | G9: =E9/D9 -> 0.95833333
A10: Sep | B10: 54 | C10: 46 | D10: 3040 | E10: 2860 | F10: =C10/B10 -> 0.85185185 | G10: =E10/D10 -> 0.94078947
A11: YTD | B11: =SUM(B2:B10) -> 440 | C11: =SUM(C2:C10) -> 377 | D11: =SUM(D2:D10) -> 27840 | E11: =SUM(E2:E10) -> 25050 | F11: =C11/B11 -> 0.85681818 | G11: =E11/D11 -> 0.89978448

Sheet Sales
A1: Month | B1: Leads | C1: Deals Won | D1: Deals Lost | E1: Revenue (Rs Lakh) | F1: Target (Rs Lakh) | G1: Win Rate | H1: Target Achievement %
A2: Jan | B2: 320 | C2: 22 | D2: 41 | E2: 88 | F2: 85 | G2: =C2/(C2+D2) -> 0.34920635 | H2: =E2/F2 -> 1.0352941
A3: Feb | B3: 340 | C3: 25 | D3: 43 | E3: 98 | F3: 90 | G3: =C3/(C3+D3) -> 0.36764706 | H3: =E3/F3 -> 1.0888889
A4: Mar | B4: 360 | C4: 27 | D4: 44 | E4: 108 | F4: 95 | G4: =C4/(C4+D4) -> 0.38028169 | H4: =E4/F4 -> 1.1368421
A5: Apr | B5: 355 | C5: 26 | D5: 47 | E5: 104 | F5: 100 | G5: =C5/(C5+D5) -> 0.35616438 | H5: =E5/F5 -> 1.04
A6: May | B6: 390 | C6: 30 | D6: 50 | E6: 121 | F6: 105 | G6: =C6/(C6+D6) -> 0.375 | H6: =E6/F6 -> 1.152381
A7: Jun | B7: 410 | C7: 29 | D7: 54 | E7: 118 | F7: 110 | G7: =C7/(C7+D7) -> 0.34939759 | H7: =E7/F7 -> 1.0727273
A8: Jul | B8: 400 | C8: 27 | D8: 55 | E8: 110 | F8: 110 | G8: =C8/(C8+D8) -> 0.32926829 | H8: =E8/F8 -> 1
A9: Aug | B9: 385 | C9: 25 | D9: 57 | E9: 102 | F9: 110 | G9: =C9/(C9+D9) -> 0.30487805 | H9: =E9/F9 -> 0.92727273
A10: Sep | B10: 420 | C10: 31 | D10: 52 | E10: 128 | F10: 115 | G10: =C10/(C10+D10) -> 0.37349398 | H10: =E10/F10 -> 1.1130435
A11: YTD | B11: =SUM(B2:B10) -> 3380 | C11: =SUM(C2:C10) -> 242 | D11: =SUM(D2:D10) -> 443 | E11: =SUM(E2:E10) -> 977 | F11: =SUM(F2:F10) -> 920 | G11: =C11/(C11+D11) -> 0.35328467 | H11: =E11/F11 -> 1.0619565

Sheet Analytics
A1: Channel | B1: Spend (Rs Lakh) | C1: Leads | D1: Revenue (Rs Lakh) | E1: ROAS (Revenue/Spend) | F1: CPL (Rs) = Spend x 100000 / Leads
A2: Google Ads | B2: 42 | C2: 5400 | D2: 151 | E2: =D2/B2 -> 3.5952381 | F2: =B2*100000/C2 -> 777.77778
A3: Meta Ads | B3: 55 | C3: 4900 | D3: 77 | E3: =D3/B3 -> 1.4 | F3: =B3*100000/C3 -> 1122.449
A4: LinkedIn Ads | B4: 28 | C4: 1500 | D4: 70 | E4: =D4/B4 -> 2.5 | F4: =B4*100000/C4 -> 1866.6667
A5: Email | B5: 6 | C5: 2300 | D5: 38 | E5: =D5/B5 -> 6.3333333 | F5: =B5*100000/C5 -> 260.86957
A6: SEO | B6: 14 | C6: 3700 | D6: 72 | E6: =D6/B6 -> 5.1428571 | F6: =B6*100000/C6 -> 378.37838
A7: Influencer | B7: 20 | C7: 1300 | D7: 24 | E7: =D7/B7 -> 1.2 | F7: =B7*100000/C7 -> 1538.4615
A8: Total | B8: =SUM(B2:B7) -> 165 | C8: =SUM(C2:C7) -> 19100 | D8: =SUM(D2:D7) -> 432 | E8: =D8/B8 -> 2.6181818 | F8: =B8*100000/C8 -> 863.87435

Sheet HR
A1: Month | B1: New Hires | C1: Exits | D1: Closing Headcount | E1: Engagement Score (0-100) | F1: Attrition % (Exits/Headcount)
A2: Jan | B2: 3 | C2: 1 | D2: 94 | E2: 78 | F2: =C2/D2 -> 0.010638298
A3: Feb | B3: 2 | C3: 1 | D3: 95 | E3: 78 | F3: =C3/D3 -> 0.010526316
A4: Mar | B4: 3 | C4: 1 | D4: 97 | E4: 77 | F4: =C4/D4 -> 0.010309278
A5: Apr | B5: 3 | C5: 2 | D5: 98 | E5: 76 | F5: =C5/D5 -> 0.020408163
A6: May | B6: 2 | C6: 2 | D6: 98 | E6: 74 | F6: =C6/D6 -> 0.020408163
A7: Jun | B7: 1 | C7: 3 | D7: 96 | E7: 71 | F7: =C7/D7 -> 0.03125
A8: Jul | B8: 2 | C8: 4 | D8: 94 | E8: 68 | F8: =C8/D8 -> 0.042553191
A9: Aug | B9: 3 | C9: 2 | D9: 95 | E9: 69 | F9: =C9/D9 -> 0.021052632
A10: Sep | B10: 4 | C10: 2 | D10: 97 | E10: 70 | F10: =C10/D10 -> 0.020618557
A11: YTD | B11: =SUM(B2:B10) -> 23 | C11: =SUM(C2:C10) -> 18 | D11: =D10 -> 97 | E11: =AVERAGE(E2:E10) -> 73.444444 | F11: =C11/AVERAGE(D2:D10) -> 0.1875

Sheet IT
A1: Month | B1: Tickets Raised | C1: Tickets Resolved | D1: IT Budget (Rs Lakh) | E1: Actual Spend (Rs Lakh) | F1: Resolution % | G1: Budget Variance %
A2: Jan | B2: 140 | C2: 135 | D2: 9.5 | E2: 9.2 | F2: =C2/B2 -> 0.96428571 | G2: =(E2-D2)/D2 -> -0.031578947
A3: Feb | B3: 135 | C3: 131 | D3: 9.5 | E3: 9.4 | F3: =C3/B3 -> 0.97037037 | G3: =(E3-D3)/D3 -> -0.010526316
A4: Mar | B4: 150 | C4: 142 | D4: 9.5 | E4: 9.6 | F4: =C4/B4 -> 0.94666667 | G4: =(E4-D4)/D4 -> 0.010526316
A5: Apr | B5: 148 | C5: 140 | D5: 9.5 | E5: 9.8 | F5: =C5/B5 -> 0.94594595 | G5: =(E5-D5)/D5 -> 0.031578947
A6: May | B6: 160 | C6: 150 | D6: 9.5 | E6: 10.1 | F6: =C6/B6 -> 0.9375 | G6: =(E6-D6)/D6 -> 0.063157895
A7: Jun | B7: 172 | C7: 158 | D7: 9.5 | E7: 10.6 | F7: =C7/B7 -> 0.91860465 | G7: =(E7-D7)/D7 -> 0.11578947
A8: Jul | B8: 185 | C8: 166 | D8: 9.5 | E8: 11.2 | F8: =C8/B8 -> 0.8972973 | G8: =(E8-D8)/D8 -> 0.17894737
A9: Aug | B9: 170 | C9: 158 | D9: 9.5 | E9: 10.3 | F9: =C9/B9 -> 0.92941176 | G9: =(E9-D9)/D9 -> 0.084210526
A10: Sep | B10: 165 | C10: 158 | D10: 9.5 | E10: 9.9 | F10: =C10/B10 -> 0.95757576 | G10: =(E10-D10)/D10 -> 0.042105263
A11: YTD | B11: =SUM(B2:B10) -> 1425 | C11: =SUM(C2:C10) -> 1338 | D11: =SUM(D2:D10) -> 85.5 | E11: =SUM(E2:E10) -> 90.1 | F11: =C11/B11 -> 0.93894737 | G11: =(E11-D11)/D11 -> 0.05380117
